<Ui xmlns="http://www.blizzard.com/wow/ui/" xmlns:xsi="http://www.w3.org/2001/XMLSchema-instance" xsi:schemaLocation="http://www.blizzard.com/wow/ui/
..\..\FrameXML\UI.xsd">

  <Button name="RangeColors_SwatchTemplate" virtual="true">
    <Size>
      <AbsDimension x="16" y="16"/>
    </Size>
    <Layers>
      <Layer level="BACKGROUND">
        <Texture name="$parentSwatchBg">
          <Size>
            <AbsDimension x="14" y="14"/>
          </Size>
          <Anchors>
            <Anchor point="CENTER">
              <Offset>
                <AbsDimension x="0" y="0"/>
              </Offset>
            </Anchor>
          </Anchors>
          <Color r="1.0" g="1.0" b="1.0"/>
        </Texture>
      </Layer>
    </Layers>
    <Scripts>
      <OnClick>
        PlaySound("igMainMenuOptionCheckBoxOn");
        RangeColors.SwatchOnClick(self);
      </OnClick>
      <OnEnter>
        _G[self:GetName().."SwatchBg"]:SetVertexColor(NORMAL_FONT_COLOR.r, NORMAL_FONT_COLOR.g, NORMAL_FONT_COLOR.b);
      </OnEnter>
      <OnLeave>
        _G[self:GetName().."SwatchBg"]:SetVertexColor(HIGHLIGHT_FONT_COLOR.r, HIGHLIGHT_FONT_COLOR.g, HIGHLIGHT_FONT_COLOR.b);
      </OnLeave>
    </Scripts>
    <NormalTexture name="$parentNormalTexture" file="Interface\ChatFrame\ChatFrameColorSwatch"/>
  </Button>
  
  <!-- Options panel -->
  <Frame name="RangeColors_OptionsPanel" hidden="false">
    <Layers>
      <Layer level="ARTWORK">
        <FontString name="$parentTitle" text="RANGECOLORS_TITLE" inherits="GameFontNormalLarge" justifyH="LEFT" justifyV="TOP">
          <Anchors>
            <Anchor point="TOPLEFT">
              <Offset>
                <AbsDimension x="16" y="-16"/>
              </Offset>
            </Anchor>
          </Anchors>
        </FontString>
        <FontString name="$parentSubText" text="RANGECOLORS_CONFIG_HEADERINFO" inherits="GameFontHighlightSmall" nonspacewrap="true" maxLines="3" justifyH="LEFT" justifyV="TOP">
          <Size>
            <AbsDimension y="32" x="0"/>
          </Size>
          <Anchors>
            <Anchor point="TOPLEFT" relativeTo="$parentTitle" relativePoint="BOTTOMLEFT">
              <Offset>
                <AbsDimension x="0" y="-8"/>
              </Offset>
            </Anchor>
            <Anchor point="RIGHT">
              <Offset>
                <AbsDimension x="-32" y="0"/>
              </Offset>
            </Anchor>
          </Anchors>
        </FontString>
      </Layer>
    </Layers>
    <Frames>
      <Button name="$parentRangeColor" inherits="RangeColors_SwatchTemplate">
        <Anchors>
          <Anchor point="TOPLEFT" relativeTo="$parentTitle" relativePoint="BOTTOMLEFT">
            <Offset>
              <AbsDimension x="132" y="-52"/>
            </Offset>
          </Anchor>
        </Anchors>
        <Layers>
          <Layer level="ARTWORK">
            <FontString name="$parentText" text="RANGECOLORS_CONFIG_RANGECOLOR" inherits="GameFontHighlight">
              <Anchors>
                <Anchor point="RIGHT" relativePoint="LEFT">
                  <Offset>
                    <AbsDimension x="-10" y="1"/>
                  </Offset>
                </Anchor>
              </Anchors>
            </FontString>
          </Layer>
        </Layers>
      </Button>
      <Button name="$parentManaColor" inherits="RANGECOLORS_SwatchTemplate">
        <Anchors>
          <Anchor point="TOPLEFT" relativeTo="$parentRangeColor" relativePoint="BOTTOMLEFT">
            <Offset>
              <AbsDimension x="5" y="-18"/>
            </Offset>
          </Anchor>
        </Anchors>
        <Layers>
          <Layer level="ARTWORK">
            <FontString name="$parentText" text="RANGECOLORS_CONFIG_MANACOLOR" inherits="GameFontHighlight">
              <Anchors>
                <Anchor point="RIGHT" relativePoint="LEFT">
                  <Offset>
                    <AbsDimension x="-10" y="1"/>
                  </Offset>
                </Anchor>
              </Anchors>
            </FontString>
          </Layer>
        </Layers>
      </Button>
    </Frames>
    <Scripts>
      <OnLoad>
        self.name = RANGECOLORS_TITLE;
        self.default = RangeColors.OptionsDefault;
        self.refresh = RangeColors.OptionsRefresh;
        self.okay = RangeColors.OptionsOkay;
        RangeColors.OptionsSetup();
      </OnLoad>
    </Scripts>
  </Frame>

</Ui>